{"cameraMode":{"drawMode":0,"name":"Shaded","section":"Shading Mode"},"sceneLighting":true,"audioPlay":false,"sceneViewState":{"m_AlwaysRefresh":false,"showFog":true,"showSkybox":true,"showFlares":true,"showImageEffects":true,"showParticleSystems":true,"showVisualEffectGraphs":true,"m_FxEnabled":true},"in2DMode":false,"pivot":{"x":1.129399061203003,"y":-1.8386396169662476,"z":4.483334541320801},"rotation":{"x":0.12954604625701905,"y":0.1336820125579834,"z":-0.01761569269001484,"w":0.9823901057243347},"size":1.4189715385437012,"orthographic":false}