{"cameraMode":{"drawMode":0,"name":"Shaded","section":"Shading Mode"},"sceneLighting":true,"audioPlay":false,"sceneViewState":{"m_AlwaysRefresh":false,"showFog":true,"showSkybox":true,"showFlares":true,"showImageEffects":true,"showParticleSystems":true,"showVisualEffectGraphs":true,"m_FxEnabled":true},"in2DMode":false,"pivot":{"x":-0.1524491310119629,"y":-2.7632665634155275,"z":-0.11448478698730469},"rotation":{"x":-0.07234836369752884,"y":0.9235623478889465,"z":-0.3077121078968048,"w":-0.21717408299446107},"size":1.089622139930725,"orthographic":false}