{"cameraMode":{"drawMode":0,"name":"Shaded","section":"Shading Mode"},"sceneLighting":true,"audioPlay":false,"sceneViewState":{"m_AlwaysRefresh":false,"showFog":true,"showSkybox":true,"showFlares":true,"showImageEffects":true,"showParticleSystems":true,"showVisualEffectGraphs":true,"m_FxEnabled":true},"in2DMode":false,"pivot":{"x":-0.24310220777988435,"y":-2.853255271911621,"z":1.3064889907836915},"rotation":{"x":0.15917305648326875,"y":-0.7550134062767029,"z":0.1983337104320526,"w":0.6045159101486206},"size":0.8660253882408142,"orthographic":false}