{"cameraMode":{"drawMode":0,"name":"Shaded","section":"Shading Mode"},"sceneLighting":false,"audioPlay":false,"sceneViewState":{"m_AlwaysRefresh":false,"showFog":true,"showSkybox":false,"showFlares":true,"showImageEffects":true,"showParticleSystems":true,"showVisualEffectGraphs":true,"m_FxEnabled":true},"in2DMode":false,"pivot":{"x":0.5278729200363159,"y":-2.6891653537750246,"z":1.4211559295654297},"rotation":{"x":0.07995960861444473,"y":-0.6733775734901428,"z":0.07320129871368408,"w":0.7314150929450989},"size":0.10099507123231888,"orthographic":false}